class,x11,y11,z11,x12,y12,z12,x13,y13,z13,x14,y14,z14,x15,y15,z15,x16,y16,z16,x17,y17,z17,x18,y18,z18,x19,y19,z19,x20,y20,z20,x21,y21,z21,x22,y22,z22
happy,0.432,0.388,-0.34,0.525,0.516,-0.126,0.376,0.54,-0.141,0.555,0.728,-0.067,0.353,0.755,-0.109,0.558,0.906,-0.216,0.371,0.933,-0.268,0.566,0.959,-0.267,0.373,0.988,-0.313,0.555,0.961,-0.301,0.389,0.985,-0.359,0.55,0.942,-0.232
happy,0.432,0.389,-0.344,0.525,0.519,-0.126,0.376,0.54,-0.143,0.554,0.731,-0.064,0.353,0.761,-0.11,0.556,0.908,-0.213,0.372,0.935,-0.27,0.565,0.964,-0.264,0.373,0.992,-0.315,0.554,0.966,-0.3,0.389,0.988,-0.36,0.548,0.95,-0.231
happy,0.432,0.389,-0.328,0.525,0.522,-0.116,0.376,0.541,-0.137,0.554,0.733,-0.05,0.353,0.764,-0.106,0.556,0.909,-0.195,0.373,0.937,-0.263,0.565,0.968,-0.242,0.374,0.995,-0.307,0.553,0.968,-0.281,0.391,0.99,-0.348,0.547,0.953,-0.213
happy,0.434,0.39,-0.327,0.525,0.525,-0.093,0.377,0.542,-0.137,0.554,0.734,-0.013,0.353,0.767,-0.107,0.556,0.91,-0.157,0.374,0.94,-0.262,0.565,0.968,-0.199,0.374,0.998,-0.307,0.553,0.969,-0.24,0.391,0.992,-0.346,0.547,0.953,-0.175
happy,0.439,0.39,-0.32,0.526,0.527,-0.083,0.378,0.544,-0.14,0.554,0.734,-0.004,0.353,0.77,-0.114,0.556,0.911,-0.143,0.374,0.943,-0.263,0.566,0.97,-0.184,0.374,1.0,-0.307,0.554,0.97,-0.225,0.391,0.994,-0.345,0.547,0.955,-0.162
happy,0.44,0.391,-0.343,0.526,0.529,-0.093,0.379,0.546,-0.154,0.554,0.737,-0.019,0.354,0.77,-0.13,0.556,0.913,-0.154,0.375,0.943,-0.289,0.566,0.972,-0.199,0.375,1.0,-0.337,0.554,0.971,-0.256,0.391,0.994,-0.377,0.547,0.956,-0.181
happy,0.442,0.392,-0.337,0.528,0.53,-0.09,0.381,0.548,-0.145,0.554,0.741,-0.02,0.356,0.773,-0.116,0.557,0.918,-0.163,0.377,0.948,-0.27,0.567,0.978,-0.207,0.377,1.006,-0.316,0.554,0.978,-0.252,0.393,1.0,-0.354,0.548,0.962,-0.184
happy,0.443,0.393,-0.325,0.529,0.53,-0.078,0.382,0.549,-0.148,0.554,0.744,0.002,0.358,0.773,-0.122,0.557,0.923,-0.135,0.379,0.952,-0.268,0.567,0.982,-0.175,0.378,1.011,-0.312,0.554,0.983,-0.218,0.394,1.005,-0.349,0.548,0.966,-0.154
happy,0.444,0.394,-0.324,0.53,0.533,-0.072,0.383,0.552,-0.155,0.554,0.748,0.01,0.359,0.776,-0.131,0.557,0.928,-0.129,0.379,0.956,-0.273,0.568,0.986,-0.169,0.379,1.017,-0.317,0.555,0.988,-0.211,0.394,1.012,-0.352,0.548,0.971,-0.148
happy,0.445,0.395,-0.314,0.53,0.535,-0.051,0.384,0.555,-0.156,0.554,0.748,0.03,0.36,0.778,-0.134,0.558,0.927,-0.123,0.38,0.959,-0.274,0.569,0.985,-0.165,0.38,1.02,-0.319,0.555,0.987,-0.209,0.395,1.015,-0.354,0.549,0.97,-0.144
happy,0.445,0.396,-0.298,0.531,0.538,-0.056,0.384,0.557,-0.154,0.554,0.751,0.018,0.36,0.78,-0.132,0.558,0.929,-0.126,0.382,0.96,-0.27,0.569,0.989,-0.165,0.381,1.022,-0.313,0.555,0.99,-0.207,0.397,1.016,-0.347,0.549,0.973,-0.145
happy,0.446,0.396,-0.304,0.531,0.539,-0.064,0.385,0.558,-0.154,0.554,0.751,0.01,0.361,0.78,-0.133,0.558,0.928,-0.131,0.383,0.959,-0.272,0.569,0.988,-0.172,0.383,1.02,-0.317,0.555,0.989,-0.208,0.398,1.015,-0.351,0.549,0.972,-0.147
happy,0.446,0.397,-0.306,0.532,0.54,-0.067,0.385,0.558,-0.153,0.554,0.752,0.001,0.361,0.78,-0.132,0.558,0.928,-0.144,0.383,0.959,-0.272,0.568,0.987,-0.186,0.383,1.02,-0.318,0.555,0.988,-0.227,0.398,1.014,-0.353,0.549,0.971,-0.163
happy,0.446,0.397,-0.309,0.533,0.54,-0.066,0.385,0.558,-0.153,0.554,0.752,0.001,0.362,0.779,-0.134,0.558,0.928,-0.153,0.384,0.958,-0.275,0.568,0.987,-0.199,0.384,1.019,-0.322,0.555,0.988,-0.242,0.398,1.013,-0.358,0.549,0.971,-0.173
happy,0.446,0.397,-0.309,0.533,0.539,-0.069,0.385,0.558,-0.146,0.555,0.752,-0.003,0.362,0.777,-0.126,0.558,0.928,-0.157,0.384,0.956,-0.268,0.568,0.987,-0.202,0.384,1.018,-0.315,0.555,0.988,-0.245,0.398,1.012,-0.351,0.548,0.971,-0.177
happy,0.446,0.397,-0.315,0.533,0.539,-0.07,0.386,0.558,-0.146,0.555,0.752,-0.006,0.362,0.777,-0.125,0.557,0.927,-0.17,0.384,0.956,-0.27,0.567,0.986,-0.216,0.384,1.017,-0.318,0.554,0.988,-0.261,0.398,1.011,-0.355,0.548,0.97,-0.191
happy,0.446,0.397,-0.317,0.533,0.539,-0.071,0.386,0.558,-0.146,0.555,0.752,-0.006,0.362,0.777,-0.123,0.558,0.928,-0.172,0.384,0.956,-0.27,0.567,0.987,-0.218,0.384,1.017,-0.319,0.554,0.988,-0.263,0.398,1.011,-0.356,0.548,0.971,-0.193
happy,0.446,0.397,-0.323,0.534,0.54,-0.083,0.386,0.558,-0.145,0.556,0.753,-0.019,0.362,0.778,-0.121,0.558,0.929,-0.177,0.384,0.956,-0.27,0.567,0.989,-0.222,0.384,1.017,-0.319,0.554,0.989,-0.266,0.398,1.011,-0.356,0.548,0.971,-0.198
happy,0.446,0.397,-0.327,0.534,0.542,-0.086,0.386,0.558,-0.145,0.556,0.753,-0.023,0.362,0.779,-0.118,0.558,0.929,-0.185,0.384,0.956,-0.27,0.567,0.989,-0.231,0.384,1.017,-0.319,0.555,0.988,-0.275,0.398,1.01,-0.357,0.549,0.971,-0.206
happy,0.446,0.397,-0.332,0.534,0.542,-0.087,0.387,0.559,-0.145,0.557,0.753,-0.023,0.363,0.78,-0.119,0.558,0.929,-0.189,0.384,0.956,-0.274,0.568,0.989,-0.236,0.384,1.017,-0.324,0.555,0.988,-0.279,0.398,1.01,-0.362,0.549,0.97,-0.21
happy,0.446,0.397,-0.331,0.534,0.542,-0.09,0.387,0.559,-0.145,0.558,0.753,-0.026,0.363,0.78,-0.115,0.558,0.929,-0.186,0.384,0.956,-0.268,0.568,0.989,-0.232,0.384,1.017,-0.316,0.555,0.987,-0.275,0.398,1.01,-0.355,0.549,0.97,-0.206
happy,0.446,0.398,-0.331,0.534,0.543,-0.092,0.388,0.559,-0.144,0.559,0.753,-0.028,0.363,0.78,-0.111,0.558,0.929,-0.187,0.384,0.956,-0.262,0.568,0.988,-0.232,0.384,1.017,-0.31,0.555,0.986,-0.275,0.398,1.01,-0.349,0.549,0.969,-0.207
happy,0.445,0.398,-0.331,0.534,0.544,-0.091,0.388,0.56,-0.14,0.559,0.756,-0.026,0.363,0.781,-0.104,0.559,0.93,-0.183,0.384,0.956,-0.255,0.568,0.989,-0.227,0.384,1.019,-0.302,0.556,0.986,-0.269,0.398,1.012,-0.341,0.549,0.969,-0.203
happy,0.445,0.398,-0.322,0.534,0.544,-0.078,0.388,0.56,-0.139,0.56,0.755,-0.017,0.363,0.781,-0.105,0.56,0.926,-0.183,0.383,0.956,-0.257,0.569,0.984,-0.227,0.383,1.019,-0.304,0.556,0.98,-0.27,0.398,1.012,-0.342,0.55,0.963,-0.202
happy,0.445,0.398,-0.293,0.534,0.544,-0.059,0.389,0.559,-0.127,0.56,0.751,-0.004,0.363,0.779,-0.107,0.56,0.92,-0.173,0.383,0.949,-0.259,0.569,0.978,-0.219,0.383,1.005,-0.306,0.556,0.973,-0.262,0.397,0.999,-0.344,0.55,0.956,-0.193
happy,0.445,0.398,-0.288,0.534,0.542,-0.047,0.389,0.559,-0.122,0.561,0.744,0.008,0.363,0.777,-0.11,0.561,0.907,-0.168,0.383,0.942,-0.289,0.569,0.965,-0.217,0.383,0.994,-0.342,0.556,0.959,-0.259,0.397,0.985,-0.378,0.551,0.941,-0.188
happy,0.445,0.398,-0.284,0.533,0.541,-0.053,0.39,0.558,-0.111,0.563,0.742,0.001,0.363,0.774,-0.124,0.563,0.89,-0.194,0.383,0.929,-0.342,0.569,0.951,-0.249,0.383,0.979,-0.399,0.557,0.943,-0.29,0.397,0.969,-0.434,0.551,0.925,-0.214
happy,0.445,0.398,-0.287,0.533,0.54,-0.057,0.39,0.558,-0.109,0.567,0.736,-0.002,0.363,0.772,-0.145,0.567,0.873,-0.201,0.383,0.917,-0.393,0.571,0.936,-0.259,0.384,0.966,-0.454,0.557,0.926,-0.299,0.398,0.951,-0.489,0.553,0.905,-0.22
happy,0.446,0.398,-0.289,0.533,0.539,-0.069,0.39,0.558,-0.11,0.57,0.727,-0.043,0.363,0.77,-0.165,0.57,0.844,-0.27,0.383,0.897,-0.445,0.572,0.909,-0.336,0.385,0.948,-0.513,0.558,0.9,-0.372,0.398,0.927,-0.546,0.553,0.881,-0.288
happy,0.446,0.399,-0.279,0.533,0.539,-0.064,0.39,0.558,-0.095,0.571,0.72,-0.043,0.362,0.769,-0.164,0.572,0.815,-0.262,0.382,0.867,-0.444,0.574,0.875,-0.324,0.386,0.912,-0.509,0.558,0.868,-0.357,0.399,0.889,-0.538,0.554,0.852,-0.279
happy,0.446,0.399,-0.251,0.533,0.538,-0.054,0.39,0.558,-0.067,0.574,0.715,-0.04,0.361,0.764,-0.158,0.573,0.792,-0.242,0.381,0.835,-0.447,0.574,0.842,-0.3,0.387,0.875,-0.512,0.558,0.831,-0.333,0.399,0.85,-0.533,0.554,0.815,-0.258
happy,0.447,0.399,-0.241,0.534,0.538,-0.051,0.39,0.558,-0.058,0.576,0.716,-0.07,0.36,0.764,-0.152,0.572,0.779,-0.32,0.381,0.813,-0.428,0.57,0.816,-0.385,0.391,0.85,-0.489,0.558,0.798,-0.401,0.4,0.818,-0.507,0.554,0.785,-0.33
happy,0.447,0.399,-0.235,0.534,0.536,-0.042,0.39,0.557,-0.051,0.575,0.718,-0.075,0.359,0.763,-0.148,0.57,0.759,-0.344,0.384,0.788,-0.432,0.561,0.781,-0.411,0.401,0.809,-0.492,0.554,0.757,-0.422,0.406,0.779,-0.507,0.552,0.746,-0.353
happy,0.448,0.399,-0.244,0.534,0.529,-0.03,0.39,0.555,-0.045,0.578,0.71,-0.09,0.359,0.759,-0.169,0.569,0.722,-0.41,0.384,0.749,-0.532,0.558,0.734,-0.481,0.402,0.756,-0.599,0.553,0.705,-0.486,0.406,0.722,-0.61,0.552,0.698,-0.417
happy,0.449,0.399,-0.225,0.534,0.528,-0.024,0.392,0.552,-0.01,0.583,0.711,-0.134,0.359,0.76,-0.162,0.571,0.692,-0.475,0.384,0.716,-0.528,0.558,0.695,-0.543,0.4,0.707,-0.589,0.553,0.663,-0.536,0.405,0.672,-0.591,0.552,0.66,-0.478
happy,0.45,0.4,-0.219,0.536,0.524,-0.016,0.393,0.549,-0.007,0.586,0.708,-0.167,0.359,0.763,-0.184,0.573,0.66,-0.542,0.382,0.687,-0.576,0.558,0.647,-0.614,0.399,0.667,-0.64,0.553,0.616,-0.603,0.404,0.633,-0.636,0.553,0.617,-0.544
happy,0.452,0.401,-0.221,0.538,0.523,-0.013,0.394,0.549,-0.008,0.59,0.709,-0.221,0.361,0.768,-0.221,0.576,0.633,-0.635,0.381,0.661,-0.627,0.559,0.619,-0.712,0.397,0.636,-0.695,0.554,0.588,-0.691,0.401,0.606,-0.685,0.554,0.588,-0.635
happy,0.453,0.404,-0.229,0.541,0.523,-0.02,0.395,0.549,-0.021,0.593,0.712,-0.265,0.363,0.773,-0.264,0.578,0.614,-0.676,0.377,0.64,-0.675,0.559,0.598,-0.754,0.392,0.617,-0.745,0.555,0.567,-0.726,0.396,0.587,-0.732,0.555,0.568,-0.673
happy,0.453,0.406,-0.181,0.544,0.524,-0.018,0.397,0.548,0.011,0.594,0.721,-0.247,0.364,0.779,-0.224,0.582,0.602,-0.602,0.375,0.632,-0.592,0.562,0.582,-0.67,0.387,0.603,-0.654,0.559,0.552,-0.642,0.391,0.577,-0.647,0.56,0.554,-0.598
happy,0.454,0.408,-0.171,0.545,0.524,-0.012,0.397,0.548,0.014,0.594,0.723,-0.222,0.365,0.78,-0.21,0.583,0.592,-0.559,0.374,0.626,-0.565,0.563,0.569,-0.623,0.385,0.595,-0.626,0.561,0.542,-0.597,0.388,0.57,-0.644,0.562,0.546,-0.555
happy,0.454,0.409,-0.16,0.547,0.524,-0.009,0.398,0.547,0.027,0.595,0.726,-0.217,0.364,0.781,-0.196,0.584,0.588,-0.549,0.373,0.624,-0.563,0.567,0.562,-0.613,0.384,0.592,-0.615,0.565,0.536,-0.585,0.387,0.568,-0.595,0.566,0.541,-0.545
happy,0.455,0.409,-0.156,0.548,0.524,-0.009,0.398,0.547,0.033,0.595,0.728,-0.232,0.364,0.781,-0.193,0.585,0.582,-0.568,0.373,0.626,-0.555,0.569,0.556,-0.633,0.383,0.595,-0.611,0.567,0.528,-0.602,0.387,0.571,-0.594,0.568,0.535,-0.563
happy,0.455,0.41,-0.16,0.548,0.524,-0.001,0.398,0.548,0.024,0.595,0.729,-0.225,0.364,0.78,-0.204,0.586,0.578,-0.571,0.373,0.627,-0.566,0.571,0.554,-0.638,0.384,0.602,-0.625,0.568,0.526,-0.608,0.388,0.575,-0.605,0.568,0.534,-0.567
happy,0.455,0.41,-0.172,0.548,0.524,-0.004,0.398,0.548,0.016,0.595,0.729,-0.228,0.363,0.779,-0.218,0.587,0.58,-0.585,0.376,0.634,-0.58,0.571,0.557,-0.653,0.388,0.612,-0.64,0.567,0.529,-0.624,0.393,0.582,-0.619,0.568,0.535,-0.581
happy,0.455,0.41,-0.177,0.547,0.524,0.001,0.398,0.548,0.013,0.595,0.728,-0.224,0.362,0.778,-0.224,0.586,0.58,-0.588,0.382,0.639,-0.576,0.57,0.559,-0.658,0.396,0.618,-0.636,0.567,0.531,-0.627,0.4,0.589,-0.616,0.567,0.536,-0.583
happy,0.455,0.409,-0.208,0.546,0.524,0.001,0.398,0.547,0.002,0.595,0.727,-0.233,0.359,0.776,-0.22,0.582,0.588,-0.616,0.384,0.643,-0.579,0.564,0.57,-0.69,0.403,0.623,-0.641,0.56,0.542,-0.658,0.407,0.596,-0.624,0.56,0.546,-0.611
happy,0.453,0.408,-0.213,0.545,0.524,-0.021,0.398,0.547,0.003,0.595,0.725,-0.233,0.355,0.776,-0.199,0.577,0.592,-0.598,0.385,0.649,-0.566,0.558,0.573,-0.67,0.406,0.634,-0.627,0.552,0.547,-0.643,0.411,0.606,-0.611,0.552,0.552,-0.594
happy,0.452,0.407,-0.211,0.545,0.524,-0.023,0.398,0.547,0.008,0.595,0.722,-0.229,0.351,0.773,-0.182,0.571,0.603,-0.58,0.385,0.653,-0.539,0.553,0.59,-0.652,0.407,0.64,-0.599,0.545,0.562,-0.626,0.412,0.612,-0.582,0.545,0.562,-0.575
happy,0.451,0.406,-0.217,0.544,0.523,-0.031,0.398,0.547,0.007,0.595,0.721,-0.225,0.349,0.773,-0.185,0.563,0.623,-0.564,0.385,0.655,-0.544,0.545,0.61,-0.633,0.406,0.641,-0.603,0.537,0.581,-0.609,0.411,0.613,-0.584,0.537,0.58,-0.559
happy,0.451,0.406,-0.215,0.542,0.523,-0.033,0.397,0.547,0.007,0.596,0.719,-0.206,0.349,0.773,-0.187,0.562,0.641,-0.526,0.385,0.649,-0.554,0.543,0.637,-0.592,0.405,0.632,-0.615,0.534,0.61,-0.57,0.411,0.604,-0.593,0.535,0.606,-0.522
happy,0.45,0.406,-0.214,0.542,0.523,-0.033,0.397,0.548,0.007,0.597,0.717,-0.194,0.349,0.774,-0.191,0.561,0.654,-0.507,0.38,0.643,-0.566,0.542,0.653,-0.572,0.396,0.622,-0.627,0.533,0.627,-0.55,0.404,0.595,-0.607,0.534,0.623,-0.502
happy,0.45,0.407,-0.208,0.54,0.522,-0.034,0.395,0.548,0.007,0.597,0.716,-0.193,0.349,0.775,-0.196,0.559,0.656,-0.506,0.376,0.633,-0.569,0.541,0.653,-0.57,0.39,0.609,-0.631,0.532,0.627,-0.549,0.397,0.584,-0.611,0.533,0.624,-0.502
happy,0.45,0.408,-0.199,0.539,0.522,-0.033,0.393,0.547,0.008,0.598,0.717,-0.194,0.349,0.775,-0.196,0.559,0.653,-0.509,0.375,0.629,-0.566,0.541,0.648,-0.574,0.387,0.601,-0.628,0.533,0.622,-0.55,0.394,0.577,-0.606,0.534,0.62,-0.505
happy,0.45,0.409,-0.185,0.538,0.523,-0.03,0.393,0.547,0.008,0.598,0.718,-0.192,0.349,0.776,-0.198,0.558,0.648,-0.491,0.375,0.627,-0.553,0.54,0.637,-0.552,0.388,0.601,-0.611,0.532,0.609,-0.525,0.394,0.577,-0.587,0.532,0.608,-0.485
happy,0.45,0.41,-0.175,0.538,0.524,-0.018,0.393,0.548,0.016,0.597,0.719,-0.194,0.348,0.774,-0.199,0.559,0.633,-0.496,0.375,0.629,-0.552,0.541,0.619,-0.557,0.388,0.605,-0.611,0.533,0.591,-0.539,0.394,0.58,-0.586,0.533,0.591,-0.493
happy,0.45,0.41,-0.172,0.538,0.524,-0.006,0.393,0.548,0.016,0.597,0.719,-0.192,0.347,0.772,-0.199,0.559,0.618,-0.505,0.377,0.631,-0.545,0.541,0.603,-0.569,0.392,0.606,-0.604,0.534,0.575,-0.545,0.398,0.582,-0.579,0.534,0.576,-0.501
happy,0.45,0.41,-0.168,0.538,0.525,0.006,0.394,0.548,0.015,0.598,0.717,-0.191,0.346,0.766,-0.189,0.561,0.603,-0.507,0.378,0.654,-0.522,0.543,0.586,-0.572,0.398,0.63,-0.579,0.537,0.56,-0.549,0.401,0.604,-0.558,0.536,0.563,-0.505
happy,0.45,0.41,-0.157,0.538,0.525,0.014,0.394,0.548,0.019,0.597,0.717,-0.173,0.346,0.759,-0.161,0.568,0.592,-0.495,0.38,0.671,-0.471,0.55,0.572,-0.557,0.404,0.653,-0.524,0.546,0.547,-0.53,0.407,0.626,-0.506,0.545,0.551,-0.49
happy,0.45,0.41,-0.151,0.539,0.525,0.022,0.395,0.548,0.021,0.597,0.718,-0.156,0.345,0.755,-0.146,0.575,0.586,-0.47,0.381,0.682,-0.445,0.556,0.566,-0.53,0.407,0.669,-0.495,0.552,0.54,-0.502,0.41,0.64,-0.479,0.552,0.544,-0.465
happy,0.45,0.41,-0.156,0.539,0.525,0.018,0.396,0.548,0.02,0.597,0.718,-0.16,0.345,0.753,-0.152,0.576,0.587,-0.477,0.383,0.683,-0.457,0.557,0.569,-0.539,0.409,0.672,-0.508,0.553,0.542,-0.511,0.413,0.642,-0.491,0.553,0.546,-0.472
happy,0.45,0.41,-0.164,0.539,0.525,0.018,0.397,0.547,0.014,0.597,0.717,-0.17,0.345,0.752,-0.155,0.576,0.59,-0.496,0.384,0.679,-0.474,0.557,0.574,-0.558,0.41,0.665,-0.529,0.553,0.546,-0.525,0.414,0.637,-0.512,0.552,0.55,-0.489
happy,0.45,0.408,-0.19,0.539,0.524,-0.007,0.397,0.547,0.012,0.597,0.716,-0.198,0.345,0.753,-0.175,0.575,0.592,-0.532,0.384,0.667,-0.52,0.556,0.579,-0.6,0.409,0.653,-0.58,0.55,0.552,-0.57,0.413,0.626,-0.561,0.55,0.554,-0.527
happy,0.45,0.405,-0.201,0.54,0.523,-0.025,0.397,0.545,0.011,0.597,0.716,-0.209,0.345,0.754,-0.188,0.572,0.603,-0.537,0.384,0.647,-0.55,0.554,0.592,-0.604,0.406,0.63,-0.61,0.547,0.565,-0.575,0.411,0.603,-0.589,0.546,0.564,-0.531
happy,0.45,0.403,-0.196,0.542,0.522,-0.021,0.397,0.545,0.012,0.598,0.716,-0.207,0.345,0.756,-0.198,0.569,0.614,-0.511,0.384,0.63,-0.544,0.552,0.602,-0.575,0.402,0.609,-0.603,0.543,0.576,-0.544,0.409,0.584,-0.58,0.542,0.574,-0.505
happy,0.451,0.402,-0.193,0.543,0.521,-0.02,0.396,0.544,0.012,0.598,0.716,-0.204,0.346,0.758,-0.197,0.567,0.618,-0.493,0.383,0.622,-0.538,0.55,0.608,-0.553,0.397,0.599,-0.597,0.54,0.581,-0.522,0.405,0.575,-0.574,0.54,0.579,-0.486
happy,0.451,0.401,-0.18,0.543,0.52,-0.019,0.396,0.543,0.02,0.598,0.716,-0.197,0.346,0.759,-0.19,0.565,0.619,-0.487,0.383,0.62,-0.533,0.549,0.608,-0.548,0.394,0.596,-0.591,0.539,0.581,-0.518,0.402,0.572,-0.565,0.539,0.579,-0.48
happy,0.451,0.401,-0.183,0.543,0.52,-0.023,0.396,0.543,0.019,0.597,0.716,-0.204,0.346,0.76,-0.198,0.565,0.619,-0.513,0.383,0.624,-0.552,0.549,0.608,-0.579,0.394,0.6,-0.612,0.54,0.581,-0.553,0.402,0.575,-0.59,0.539,0.579,-0.509
happy,0.452,0.403,-0.183,0.543,0.521,-0.023,0.396,0.543,0.015,0.596,0.716,-0.204,0.347,0.758,-0.205,0.567,0.614,-0.523,0.383,0.626,-0.556,0.553,0.598,-0.589,0.394,0.603,-0.616,0.545,0.571,-0.564,0.402,0.578,-0.594,0.543,0.572,-0.519
happy,0.452,0.404,-0.181,0.543,0.522,-0.015,0.397,0.543,0.01,0.597,0.715,-0.209,0.347,0.754,-0.204,0.569,0.602,-0.547,0.383,0.646,-0.553,0.556,0.583,-0.615,0.396,0.625,-0.612,0.548,0.558,-0.588,0.403,0.598,-0.594,0.546,0.561,-0.543
happy,0.453,0.405,-0.177,0.543,0.524,-0.005,0.399,0.543,0.01,0.597,0.714,-0.212,0.346,0.749,-0.2,0.573,0.593,-0.563,0.383,0.659,-0.543,0.558,0.572,-0.633,0.4,0.642,-0.601,0.552,0.548,-0.603,0.405,0.614,-0.589,0.55,0.552,-0.558
happy,0.453,0.407,-0.179,0.543,0.524,-0.005,0.399,0.543,0.004,0.597,0.713,-0.214,0.346,0.746,-0.2,0.576,0.59,-0.565,0.383,0.666,-0.542,0.56,0.57,-0.633,0.402,0.652,-0.6,0.554,0.545,-0.604,0.407,0.624,-0.586,0.553,0.55,-0.56
happy,0.454,0.407,-0.209,0.543,0.524,-0.01,0.4,0.543,-0.002,0.597,0.713,-0.218,0.346,0.746,-0.208,0.578,0.591,-0.589,0.383,0.663,-0.572,0.562,0.574,-0.662,0.404,0.648,-0.634,0.556,0.546,-0.635,0.409,0.621,-0.618,0.555,0.551,-0.585
happy,0.454,0.408,-0.219,0.544,0.524,-0.023,0.4,0.543,-0.006,0.597,0.713,-0.233,0.346,0.747,-0.224,0.577,0.601,-0.609,0.383,0.659,-0.6,0.561,0.588,-0.684,0.404,0.645,-0.665,0.555,0.556,-0.66,0.409,0.617,-0.648,0.554,0.558,-0.607
happy,0.454,0.408,-0.211,0.544,0.524,-0.025,0.4,0.543,0.007,0.597,0.713,-0.228,0.346,0.753,-0.221,0.576,0.607,-0.599,0.383,0.647,-0.582,0.56,0.597,-0.673,0.402,0.63,-0.644,0.552,0.565,-0.648,0.408,0.602,-0.625,0.552,0.565,-0.597
happy,0.454,0.408,-0.207,0.545,0.523,-0.027,0.399,0.543,0.009,0.598,0.713,-0.227,0.346,0.756,-0.217,0.575,0.611,-0.559,0.382,0.637,-0.577,0.559,0.602,-0.627,0.397,0.614,-0.639,0.55,0.571,-0.602,0.404,0.588,-0.618,0.549,0.57,-0.555
happy,0.454,0.407,-0.194,0.545,0.522,-0.027,0.399,0.543,0.011,0.598,0.714,-0.204,0.347,0.761,-0.211,0.575,0.613,-0.515,0.38,0.63,-0.567,0.559,0.603,-0.578,0.393,0.604,-0.628,0.55,0.573,-0.552,0.4,0.58,-0.604,0.549,0.572,-0.51
happy,0.454,0.405,-0.181,0.545,0.522,-0.022,0.398,0.543,0.016,0.599,0.714,-0.198,0.347,0.763,-0.205,0.575,0.613,-0.508,0.379,0.627,-0.554,0.558,0.603,-0.571,0.391,0.6,-0.615,0.549,0.572,-0.544,0.398,0.577,-0.59,0.549,0.571,-0.503
happy,0.454,0.405,-0.174,0.545,0.522,-0.013,0.398,0.543,0.016,0.599,0.713,-0.195,0.347,0.763,-0.205,0.574,0.609,-0.505,0.379,0.628,-0.553,0.558,0.596,-0.569,0.392,0.602,-0.612,0.549,0.567,-0.542,0.399,0.578,-0.588,0.548,0.567,-0.501
happy,0.455,0.404,-0.174,0.545,0.522,-0.006,0.398,0.542,0.015,0.6,0.711,-0.192,0.347,0.76,-0.203,0.574,0.597,-0.502,0.381,0.628,-0.538,0.558,0.579,-0.564,0.393,0.604,-0.595,0.549,0.554,-0.532,0.399,0.578,-0.573,0.547,0.556,-0.495
happy,0.455,0.403,-0.17,0.545,0.521,0.004,0.399,0.542,0.015,0.6,0.709,-0.19,0.347,0.756,-0.193,0.574,0.59,-0.508,0.382,0.641,-0.52,0.558,0.57,-0.571,0.397,0.621,-0.575,0.55,0.545,-0.54,0.402,0.594,-0.556,0.548,0.548,-0.502
happy,0.455,0.403,-0.171,0.545,0.521,0.004,0.399,0.541,0.012,0.599,0.709,-0.191,0.347,0.749,-0.183,0.575,0.589,-0.516,0.383,0.656,-0.509,0.558,0.57,-0.581,0.402,0.643,-0.565,0.551,0.544,-0.551,0.407,0.616,-0.55,0.55,0.547,-0.51
happy,0.455,0.403,-0.191,0.545,0.521,0.003,0.4,0.54,0.003,0.599,0.71,-0.19,0.347,0.747,-0.185,0.575,0.59,-0.525,0.383,0.666,-0.519,0.558,0.572,-0.595,0.406,0.657,-0.576,0.551,0.545,-0.568,0.411,0.63,-0.557,0.551,0.548,-0.521
happy,0.455,0.403,-0.199,0.545,0.52,0.002,0.4,0.54,0.003,0.599,0.712,-0.178,0.347,0.747,-0.172,0.575,0.597,-0.515,0.384,0.667,-0.513,0.558,0.583,-0.584,0.407,0.658,-0.57,0.552,0.553,-0.56,0.413,0.631,-0.557,0.551,0.554,-0.512
happy,0.455,0.403,-0.214,0.545,0.519,-0.021,0.4,0.54,0.004,0.599,0.712,-0.204,0.347,0.747,-0.177,0.575,0.608,-0.564,0.384,0.665,-0.542,0.558,0.597,-0.637,0.408,0.654,-0.604,0.551,0.567,-0.614,0.413,0.627,-0.592,0.551,0.566,-0.56
happy,0.455,0.403,-0.214,0.544,0.518,-0.027,0.4,0.539,0.005,0.598,0.712,-0.211,0.347,0.747,-0.185,0.574,0.62,-0.571,0.385,0.655,-0.566,0.558,0.61,-0.645,0.407,0.644,-0.631,0.551,0.579,-0.624,0.413,0.616,-0.616,0.551,0.578,-0.569
happy,0.455,0.403,-0.21,0.544,0.517,-0.029,0.4,0.539,0.005,0.598,0.712,-0.21,0.348,0.75,-0.191,0.572,0.628,-0.56,0.385,0.641,-0.564,0.556,0.616,-0.631,0.405,0.627,-0.628,0.548,0.586,-0.619,0.411,0.597,-0.61,0.548,0.586,-0.562
happy,0.455,0.404,-0.193,0.544,0.517,-0.028,0.399,0.539,0.007,0.597,0.712,-0.199,0.349,0.753,-0.193,0.569,0.628,-0.503,0.383,0.633,-0.563,0.553,0.616,-0.567,0.399,0.613,-0.625,0.545,0.587,-0.547,0.405,0.586,-0.602,0.544,0.587,-0.501
happy,0.455,0.405,-0.182,0.544,0.518,-0.026,0.399,0.54,0.012,0.597,0.713,-0.196,0.35,0.757,-0.193,0.569,0.626,-0.495,0.381,0.626,-0.553,0.553,0.614,-0.558,0.393,0.601,-0.613,0.545,0.585,-0.534,0.4,0.577,-0.589,0.544,0.585,-0.491
happy,0.455,0.405,-0.182,0.544,0.519,-0.025,0.397,0.541,0.012,0.597,0.714,-0.199,0.35,0.76,-0.197,0.569,0.622,-0.504,0.379,0.625,-0.553,0.553,0.609,-0.569,0.39,0.598,-0.614,0.545,0.578,-0.545,0.397,0.574,-0.591,0.543,0.578,-0.5
happy,0.455,0.406,-0.183,0.545,0.519,-0.025,0.397,0.541,0.011,0.596,0.714,-0.211,0.35,0.76,-0.212,0.569,0.617,-0.536,0.38,0.626,-0.57,0.555,0.599,-0.604,0.391,0.602,-0.632,0.546,0.567,-0.579,0.398,0.577,-0.61,0.544,0.569,-0.533
happy,0.455,0.406,-0.177,0.545,0.52,-0.018,0.398,0.541,0.013,0.596,0.714,-0.209,0.351,0.757,-0.21,0.569,0.605,-0.534,0.381,0.626,-0.555,0.555,0.582,-0.598,0.392,0.602,-0.613,0.547,0.554,-0.571,0.398,0.578,-0.59,0.545,0.558,-0.53
happy,0.455,0.406,-0.178,0.545,0.52,-0.009,0.398,0.541,0.012,0.596,0.714,-0.208,0.351,0.753,-0.199,0.57,0.599,-0.544,0.383,0.641,-0.539,0.556,0.575,-0.611,0.397,0.621,-0.597,0.548,0.549,-0.583,0.401,0.594,-0.579,0.546,0.553,-0.54
happy,0.455,0.407,-0.182,0.545,0.521,-0.008,0.399,0.541,0.009,0.596,0.714,-0.207,0.35,0.748,-0.196,0.57,0.598,-0.546,0.383,0.653,-0.538,0.557,0.576,-0.616,0.402,0.64,-0.596,0.55,0.549,-0.59,0.406,0.613,-0.58,0.547,0.553,-0.543
happy,0.455,0.407,-0.201,0.545,0.52,-0.019,0.399,0.54,0.008,0.596,0.714,-0.206,0.35,0.746,-0.182,0.57,0.599,-0.545,0.383,0.664,-0.534,0.557,0.581,-0.612,0.406,0.654,-0.593,0.55,0.552,-0.587,0.41,0.627,-0.581,0.548,0.555,-0.541
happy,0.455,0.407,-0.217,0.545,0.52,-0.03,0.4,0.54,0.005,0.596,0.714,-0.193,0.349,0.745,-0.171,0.57,0.608,-0.52,0.384,0.667,-0.524,0.557,0.595,-0.588,0.408,0.658,-0.583,0.549,0.566,-0.569,0.413,0.63,-0.575,0.548,0.566,-0.517
happy,0.455,0.406,-0.213,0.545,0.518,-0.029,0.4,0.54,0.003,0.596,0.714,-0.189,0.349,0.745,-0.175,0.568,0.619,-0.518,0.384,0.664,-0.525,0.553,0.608,-0.587,0.408,0.653,-0.585,0.546,0.58,-0.568,0.413,0.626,-0.58,0.544,0.579,-0.516
happy,0.455,0.406,-0.211,0.545,0.517,-0.032,0.4,0.54,0.005,0.597,0.712,-0.19,0.349,0.745,-0.178,0.566,0.624,-0.518,0.386,0.655,-0.541,0.551,0.614,-0.586,0.408,0.642,-0.604,0.542,0.585,-0.567,0.413,0.615,-0.591,0.541,0.585,-0.515
happy,0.455,0.406,-0.213,0.545,0.517,-0.032,0.4,0.539,0.005,0.599,0.712,-0.191,0.35,0.748,-0.194,0.566,0.627,-0.516,0.387,0.639,-0.558,0.55,0.615,-0.584,0.407,0.624,-0.621,0.541,0.588,-0.562,0.412,0.595,-0.604,0.54,0.587,-0.512
happy,0.455,0.406,-0.212,0.545,0.518,-0.035,0.4,0.539,0.005,0.599,0.712,-0.202,0.351,0.751,-0.199,0.566,0.626,-0.521,0.386,0.634,-0.563,0.55,0.613,-0.591,0.402,0.614,-0.626,0.54,0.586,-0.567,0.409,0.586,-0.609,0.539,0.586,-0.517
happy,0.455,0.406,-0.211,0.545,0.52,-0.035,0.4,0.54,0.004,0.6,0.715,-0.212,0.352,0.754,-0.206,0.566,0.622,-0.528,0.385,0.629,-0.566,0.55,0.607,-0.598,0.399,0.606,-0.629,0.541,0.579,-0.57,0.406,0.578,-0.61,0.54,0.58,-0.523
happy,0.456,0.406,-0.196,0.546,0.522,-0.026,0.4,0.542,0.007,0.601,0.718,-0.214,0.352,0.755,-0.209,0.568,0.617,-0.537,0.385,0.627,-0.564,0.553,0.597,-0.606,0.397,0.604,-0.626,0.545,0.57,-0.576,0.405,0.578,-0.607,0.543,0.573,-0.532
happy,0.456,0.406,-0.185,0.546,0.524,-0.02,0.4,0.544,0.011,0.601,0.718,-0.213,0.353,0.757,-0.207,0.57,0.61,-0.536,0.386,0.628,-0.562,0.555,0.586,-0.605,0.397,0.606,-0.624,0.547,0.56,-0.575,0.405,0.58,-0.601,0.545,0.564,-0.531
happy,0.456,0.406,-0.186,0.546,0.526,-0.016,0.401,0.545,0.006,0.601,0.718,-0.213,0.354,0.757,-0.208,0.571,0.603,-0.544,0.388,0.642,-0.561,0.555,0.579,-0.612,0.402,0.616,-0.622,0.548,0.553,-0.581,0.406,0.591,-0.6,0.547,0.557,-0.538
happy,0.456,0.407,-0.216,0.546,0.527,-0.017,0.401,0.546,-0.006,0.602,0.718,-0.214,0.354,0.754,-0.214,0.575,0.603,-0.574,0.389,0.661,-0.584,0.558,0.581,-0.647,0.408,0.639,-0.648,0.552,0.554,-0.62,0.411,0.613,-0.634,0.551,0.558,-0.57
happy,0.456,0.407,-0.226,0.546,0.526,-0.017,0.402,0.546,-0.008,0.602,0.719,-0.2,0.354,0.753,-0.205,0.575,0.605,-0.567,0.39,0.679,-0.58,0.558,0.585,-0.641,0.412,0.664,-0.644,0.552,0.555,-0.614,0.415,0.636,-0.624,0.551,0.559,-0.566
happy,0.456,0.408,-0.227,0.545,0.526,-0.021,0.402,0.547,-0.008,0.601,0.722,-0.179,0.354,0.753,-0.185,0.575,0.613,-0.51,0.392,0.691,-0.541,0.557,0.597,-0.578,0.416,0.683,-0.6,0.552,0.566,-0.559,0.419,0.651,-0.592,0.551,0.568,-0.508
happy,0.456,0.409,-0.223,0.545,0.526,-0.022,0.402,0.547,-0.012,0.6,0.722,-0.163,0.355,0.753,-0.181,0.571,0.626,-0.472,0.392,0.693,-0.521,0.554,0.61,-0.536,0.417,0.688,-0.578,0.548,0.583,-0.52,0.421,0.655,-0.57,0.547,0.585,-0.47
happy,0.456,0.409,-0.215,0.544,0.526,-0.021,0.402,0.547,-0.01,0.6,0.72,-0.149,0.355,0.753,-0.172,0.568,0.637,-0.451,0.393,0.688,-0.506,0.55,0.625,-0.514,0.417,0.679,-0.563,0.543,0.6,-0.499,0.421,0.648,-0.553,0.544,0.6,-0.449
happy,0.457,0.409,-0.212,0.544,0.524,-0.022,0.402,0.547,-0.003,0.6,0.717,-0.144,0.355,0.754,-0.163,0.565,0.649,-0.435,0.392,0.677,-0.504,0.546,0.639,-0.496,0.416,0.665,-0.561,0.539,0.616,-0.482,0.42,0.637,-0.549,0.54,0.616,-0.433
happy,0.457,0.409,-0.212,0.544,0.523,-0.031,0.402,0.546,-0.002,0.6,0.716,-0.156,0.357,0.756,-0.168,0.564,0.657,-0.461,0.392,0.656,-0.535,0.545,0.649,-0.524,0.413,0.638,-0.594,0.537,0.623,-0.507,0.418,0.61,-0.58,0.538,0.622,-0.458
happy,0.457,0.408,-0.206,0.545,0.52,-0.032,0.401,0.545,0.003,0.6,0.714,-0.159,0.358,0.758,-0.171,0.563,0.656,-0.447,0.392,0.639,-0.535,0.543,0.648,-0.507,0.407,0.62,-0.595,0.535,0.622,-0.491,0.413,0.592,-0.58,0.536,0.621,-0.444
happy,0.456,0.407,-0.188,0.545,0.518,-0.03,0.401,0.545,0.006,0.6,0.712,-0.161,0.359,0.758,-0.179,0.561,0.653,-0.445,0.391,0.622,-0.534,0.542,0.644,-0.504,0.403,0.602,-0.593,0.534,0.618,-0.486,0.41,0.576,-0.576,0.535,0.616,-0.442
happy,0.457,0.405,-0.192,0.545,0.518,-0.03,0.4,0.543,-0.001,0.601,0.71,-0.163,0.359,0.758,-0.204,0.56,0.652,-0.447,0.391,0.618,-0.549,0.541,0.642,-0.506,0.4,0.596,-0.607,0.533,0.616,-0.485,0.407,0.569,-0.589,0.532,0.616,-0.443
happy,0.457,0.403,-0.194,0.546,0.517,-0.031,0.4,0.541,0.001,0.601,0.71,-0.184,0.359,0.758,-0.202,0.558,0.639,-0.47,0.391,0.62,-0.549,0.54,0.632,-0.53,0.4,0.598,-0.608,0.531,0.604,-0.505,0.407,0.57,-0.59,0.53,0.602,-0.465
happy,0.457,0.401,-0.211,0.546,0.515,-0.038,0.4,0.539,0.0,0.601,0.71,-0.198,0.359,0.756,-0.202,0.557,0.628,-0.498,0.391,0.623,-0.556,0.541,0.616,-0.562,0.401,0.602,-0.616,0.531,0.588,-0.538,0.407,0.574,-0.599,0.53,0.587,-0.494
happy,0.456,0.4,-0.21,0.546,0.515,-0.037,0.4,0.538,0.002,0.601,0.71,-0.195,0.358,0.754,-0.181,0.557,0.621,-0.479,0.391,0.627,-0.524,0.541,0.603,-0.539,0.402,0.605,-0.578,0.531,0.576,-0.513,0.408,0.577,-0.564,0.531,0.577,-0.473
hello,0.421,0.447,-0.395,0.524,0.592,-0.192,0.368,0.598,-0.155,0.533,0.809,-0.126,0.344,0.818,-0.075,0.525,0.981,-0.244,0.345,0.997,-0.215,0.529,1.043,-0.28,0.328,1.04,-0.253,0.522,1.038,-0.318,0.35,1.042,-0.302,0.511,1.0,-0.262
hello,0.424,0.446,-0.381,0.522,0.591,-0.155,0.368,0.599,-0.155,0.535,0.801,-0.1,0.345,0.819,-0.109,0.528,0.977,-0.244,0.345,0.997,-0.274,0.534,1.035,-0.286,0.333,1.04,-0.32,0.526,1.03,-0.326,0.351,1.042,-0.37,0.518,0.999,-0.263
hello,0.424,0.446,-0.372,0.521,0.591,-0.151,0.368,0.6,-0.15,0.536,0.801,-0.098,0.345,0.82,-0.104,0.53,0.978,-0.246,0.346,0.996,-0.268,0.542,1.035,-0.29,0.335,1.04,-0.314,0.528,1.03,-0.331,0.352,1.042,-0.363,0.521,0.999,-0.266
hello,0.425,0.445,-0.375,0.521,0.591,-0.153,0.368,0.601,-0.152,0.537,0.801,-0.097,0.345,0.821,-0.115,0.532,0.978,-0.244,0.346,0.997,-0.279,0.545,1.036,-0.29,0.338,1.05,-0.324,0.53,1.03,-0.33,0.352,1.044,-0.374,0.524,1.0,-0.264
hello,0.426,0.444,-0.376,0.521,0.59,-0.149,0.368,0.601,-0.156,0.537,0.799,-0.096,0.346,0.821,-0.121,0.533,0.977,-0.245,0.347,0.999,-0.286,0.544,1.033,-0.292,0.341,1.06,-0.333,0.531,1.028,-0.333,0.353,1.052,-0.382,0.525,0.999,-0.266
hello,0.427,0.443,-0.378,0.521,0.59,-0.152,0.368,0.601,-0.157,0.538,0.798,-0.099,0.346,0.822,-0.12,0.533,0.976,-0.26,0.349,0.999,-0.293,0.544,1.034,-0.31,0.343,1.062,-0.342,0.531,1.027,-0.352,0.354,1.055,-0.393,0.524,0.998,-0.282
hello,0.427,0.443,-0.379,0.521,0.59,-0.152,0.368,0.601,-0.161,0.538,0.798,-0.095,0.346,0.823,-0.125,0.533,0.976,-0.252,0.35,1.0,-0.294,0.543,1.036,-0.303,0.345,1.064,-0.342,0.531,1.027,-0.349,0.356,1.057,-0.392,0.524,0.998,-0.275
hello,0.429,0.443,-0.382,0.522,0.59,-0.151,0.368,0.601,-0.169,0.539,0.797,-0.093,0.347,0.823,-0.135,0.533,0.974,-0.25,0.352,1.0,-0.299,0.543,1.034,-0.302,0.346,1.065,-0.348,0.531,1.026,-0.345,0.358,1.058,-0.396,0.524,0.997,-0.273
hello,0.429,0.443,-0.379,0.522,0.589,-0.147,0.369,0.601,-0.167,0.539,0.792,-0.091,0.348,0.822,-0.13,0.533,0.97,-0.25,0.352,0.999,-0.293,0.543,1.028,-0.301,0.347,1.064,-0.338,0.531,1.02,-0.342,0.358,1.057,-0.387,0.524,0.992,-0.273
hello,0.43,0.442,-0.38,0.523,0.588,-0.144,0.37,0.601,-0.166,0.54,0.791,-0.088,0.349,0.821,-0.125,0.533,0.964,-0.25,0.352,0.998,-0.288,0.543,1.022,-0.299,0.347,1.064,-0.335,0.531,1.01,-0.341,0.359,1.054,-0.384,0.524,0.986,-0.272
hello,0.43,0.442,-0.388,0.523,0.588,-0.15,0.37,0.601,-0.167,0.541,0.791,-0.092,0.35,0.821,-0.124,0.533,0.965,-0.251,0.353,0.998,-0.288,0.543,1.025,-0.299,0.348,1.064,-0.336,0.532,1.011,-0.342,0.359,1.053,-0.385,0.525,0.987,-0.274
hello,0.431,0.442,-0.392,0.524,0.588,-0.153,0.37,0.601,-0.167,0.542,0.791,-0.099,0.351,0.821,-0.124,0.533,0.965,-0.261,0.353,0.998,-0.291,0.543,1.025,-0.309,0.348,1.063,-0.34,0.532,1.012,-0.352,0.359,1.053,-0.39,0.525,0.987,-0.283
hello,0.431,0.441,-0.391,0.524,0.588,-0.154,0.37,0.601,-0.167,0.543,0.791,-0.102,0.351,0.821,-0.123,0.534,0.966,-0.267,0.353,0.998,-0.29,0.543,1.025,-0.316,0.348,1.062,-0.339,0.533,1.014,-0.358,0.36,1.053,-0.389,0.526,0.987,-0.289
hello,0.431,0.441,-0.39,0.524,0.588,-0.153,0.371,0.6,-0.167,0.543,0.791,-0.099,0.351,0.821,-0.122,0.534,0.966,-0.259,0.354,0.998,-0.288,0.543,1.025,-0.307,0.348,1.063,-0.337,0.533,1.014,-0.349,0.36,1.054,-0.387,0.526,0.988,-0.28
hello,0.431,0.441,-0.39,0.524,0.588,-0.153,0.371,0.6,-0.167,0.543,0.791,-0.096,0.351,0.822,-0.124,0.534,0.966,-0.25,0.354,0.999,-0.291,0.543,1.028,-0.297,0.349,1.064,-0.339,0.533,1.016,-0.339,0.361,1.056,-0.389,0.526,0.988,-0.271
hello,0.431,0.441,-0.393,0.524,0.588,-0.156,0.371,0.6,-0.168,0.543,0.792,-0.098,0.351,0.822,-0.127,0.534,0.967,-0.25,0.355,1.0,-0.294,0.543,1.027,-0.298,0.349,1.064,-0.342,0.532,1.016,-0.339,0.362,1.057,-0.392,0.526,0.989,-0.272
hello,0.431,0.441,-0.392,0.524,0.587,-0.156,0.371,0.6,-0.167,0.543,0.791,-0.099,0.351,0.823,-0.126,0.534,0.966,-0.254,0.355,1.0,-0.293,0.542,1.025,-0.302,0.35,1.064,-0.341,0.532,1.016,-0.344,0.363,1.057,-0.39,0.526,0.988,-0.275
hello,0.431,0.441,-0.393,0.525,0.587,-0.156,0.371,0.6,-0.168,0.543,0.791,-0.103,0.351,0.823,-0.128,0.534,0.966,-0.265,0.355,1.0,-0.299,0.542,1.025,-0.314,0.35,1.064,-0.348,0.532,1.016,-0.357,0.363,1.057,-0.397,0.526,0.988,-0.286
hello,0.431,0.44,-0.401,0.525,0.587,-0.164,0.371,0.6,-0.172,0.543,0.791,-0.109,0.351,0.823,-0.133,0.534,0.966,-0.267,0.355,1.0,-0.303,0.542,1.026,-0.316,0.35,1.064,-0.352,0.532,1.018,-0.358,0.363,1.057,-0.402,0.526,0.989,-0.289
hello,0.431,0.44,-0.393,0.525,0.586,-0.157,0.371,0.599,-0.163,0.543,0.79,-0.109,0.351,0.823,-0.123,0.534,0.965,-0.279,0.355,0.999,-0.296,0.542,1.024,-0.329,0.35,1.062,-0.349,0.532,1.013,-0.373,0.362,1.054,-0.396,0.526,0.987,-0.301
hello,0.431,0.438,-0.41,0.525,0.584,-0.181,0.371,0.594,-0.164,0.541,0.792,-0.125,0.35,0.816,-0.119,0.534,0.967,-0.281,0.355,0.99,-0.287,0.542,1.027,-0.331,0.35,1.045,-0.335,0.532,1.019,-0.373,0.363,1.041,-0.383,0.526,0.991,-0.302
hello,0.431,0.428,-0.383,0.525,0.571,-0.166,0.371,0.582,-0.155,0.542,0.78,-0.12,0.349,0.805,-0.106,0.536,0.961,-0.281,0.355,0.98,-0.27,0.544,1.022,-0.333,0.351,1.038,-0.318,0.535,1.016,-0.375,0.364,1.034,-0.365,0.529,0.989,-0.302
hello,0.431,0.419,-0.384,0.525,0.562,-0.151,0.371,0.574,-0.158,0.542,0.773,-0.094,0.35,0.799,-0.109,0.536,0.955,-0.273,0.356,0.977,-0.271,0.544,1.009,-0.326,0.352,1.035,-0.321,0.537,1.006,-0.371,0.364,1.032,-0.368,0.53,0.983,-0.294
hello,0.431,0.42,-0.389,0.526,0.564,-0.163,0.371,0.576,-0.151,0.545,0.774,-0.123,0.35,0.801,-0.09,0.538,0.955,-0.321,0.356,0.979,-0.267,0.547,1.01,-0.38,0.352,1.037,-0.318,0.54,1.005,-0.423,0.364,1.033,-0.368,0.534,0.982,-0.343
hello,0.431,0.421,-0.391,0.526,0.567,-0.157,0.371,0.58,-0.161,0.545,0.777,-0.107,0.351,0.805,-0.107,0.538,0.956,-0.291,0.356,0.985,-0.279,0.547,1.01,-0.344,0.352,1.044,-0.332,0.539,1.006,-0.392,0.364,1.037,-0.381,0.533,0.982,-0.314
hello,0.432,0.422,-0.383,0.527,0.568,-0.148,0.371,0.583,-0.152,0.547,0.777,-0.107,0.351,0.807,-0.103,0.539,0.957,-0.305,0.356,0.985,-0.279,0.549,1.011,-0.363,0.352,1.044,-0.332,0.54,1.006,-0.408,0.363,1.037,-0.381,0.534,0.983,-0.328
hello,0.432,0.422,-0.38,0.527,0.569,-0.146,0.371,0.583,-0.145,0.547,0.777,-0.107,0.351,0.807,-0.091,0.54,0.957,-0.312,0.356,0.984,-0.266,0.549,1.011,-0.371,0.352,1.042,-0.32,0.541,1.004,-0.416,0.363,1.037,-0.369,0.534,0.982,-0.335
hello,0.432,0.423,-0.385,0.527,0.569,-0.147,0.372,0.584,-0.147,0.547,0.777,-0.107,0.351,0.81,-0.094,0.54,0.957,-0.311,0.356,0.99,-0.275,0.549,1.011,-0.368,0.352,1.048,-0.33,0.541,1.005,-0.413,0.363,1.044,-0.381,0.534,0.982,-0.334
hello,0.432,0.423,-0.378,0.527,0.57,-0.139,0.372,0.585,-0.147,0.547,0.779,-0.099,0.351,0.812,-0.097,0.539,0.958,-0.292,0.356,0.99,-0.284,0.549,1.014,-0.347,0.352,1.048,-0.339,0.54,1.006,-0.392,0.364,1.044,-0.388,0.533,0.983,-0.315
hello,0.433,0.424,-0.382,0.526,0.571,-0.141,0.372,0.586,-0.161,0.545,0.781,-0.097,0.351,0.813,-0.121,0.538,0.957,-0.282,0.356,0.989,-0.294,0.546,1.013,-0.334,0.352,1.048,-0.347,0.538,1.007,-0.379,0.364,1.043,-0.393,0.532,0.983,-0.305
hello,0.432,0.425,-0.399,0.526,0.572,-0.158,0.371,0.586,-0.169,0.544,0.782,-0.104,0.35,0.814,-0.126,0.538,0.957,-0.278,0.355,0.99,-0.295,0.545,1.013,-0.326,0.351,1.048,-0.346,0.536,1.005,-0.37,0.363,1.043,-0.394,0.531,0.982,-0.3
hello,0.431,0.426,-0.407,0.525,0.578,-0.172,0.37,0.588,-0.175,0.543,0.79,-0.113,0.348,0.816,-0.132,0.538,0.967,-0.275,0.354,0.995,-0.299,0.545,1.031,-0.323,0.349,1.057,-0.348,0.536,1.017,-0.364,0.362,1.051,-0.396,0.53,0.989,-0.296
hello,0.43,0.426,-0.401,0.524,0.579,-0.168,0.37,0.588,-0.166,0.543,0.79,-0.114,0.346,0.816,-0.122,0.538,0.967,-0.274,0.353,0.995,-0.286,0.545,1.029,-0.322,0.348,1.056,-0.332,0.536,1.017,-0.363,0.361,1.051,-0.381,0.53,0.989,-0.295
hello,0.429,0.427,-0.399,0.524,0.581,-0.169,0.369,0.589,-0.166,0.543,0.791,-0.119,0.345,0.817,-0.121,0.538,0.967,-0.284,0.353,0.995,-0.285,0.545,1.026,-0.335,0.348,1.057,-0.332,0.537,1.015,-0.376,0.361,1.052,-0.381,0.531,0.988,-0.305
hello,0.429,0.427,-0.401,0.524,0.583,-0.173,0.369,0.589,-0.164,0.543,0.795,-0.131,0.344,0.817,-0.119,0.539,0.967,-0.315,0.353,0.995,-0.29,0.546,1.024,-0.372,0.35,1.057,-0.339,0.542,1.016,-0.414,0.363,1.051,-0.387,0.532,0.986,-0.338
hello,0.429,0.428,-0.403,0.524,0.585,-0.171,0.369,0.592,-0.163,0.545,0.797,-0.132,0.344,0.818,-0.12,0.545,0.971,-0.338,0.353,0.995,-0.319,0.553,1.024,-0.401,0.351,1.057,-0.376,0.547,1.017,-0.444,0.365,1.05,-0.426,0.539,0.989,-0.362
hello,0.429,0.429,-0.381,0.524,0.585,-0.147,0.369,0.592,-0.14,0.546,0.797,-0.125,0.344,0.818,-0.119,0.549,0.965,-0.336,0.356,0.983,-0.335,0.558,1.011,-0.397,0.355,1.04,-0.395,0.553,1.006,-0.441,0.369,1.03,-0.441,0.545,0.984,-0.359
hello,0.429,0.429,-0.376,0.524,0.585,-0.131,0.369,0.592,-0.13,0.547,0.797,-0.114,0.343,0.808,-0.142,0.557,0.965,-0.342,0.358,0.954,-0.416,0.565,1.009,-0.406,0.358,1.011,-0.483,0.558,1.005,-0.452,0.373,0.998,-0.526,0.551,0.984,-0.367
hello,0.429,0.43,-0.378,0.524,0.585,-0.13,0.369,0.592,-0.131,0.549,0.801,-0.086,0.341,0.799,-0.16,0.564,0.965,-0.298,0.363,0.925,-0.447,0.575,1.009,-0.357,0.367,0.981,-0.514,0.566,1.005,-0.403,0.383,0.964,-0.553,0.557,0.985,-0.322
hello,0.429,0.43,-0.379,0.523,0.585,-0.133,0.37,0.59,-0.131,0.55,0.803,-0.08,0.339,0.79,-0.175,0.566,0.965,-0.251,0.367,0.883,-0.473,0.576,1.015,-0.306,0.379,0.934,-0.538,0.567,1.008,-0.345,0.393,0.915,-0.575,0.559,0.987,-0.272
hello,0.428,0.431,-0.376,0.523,0.584,-0.137,0.37,0.587,-0.11,0.551,0.802,-0.084,0.335,0.781,-0.19,0.569,0.963,-0.248,0.372,0.848,-0.525,0.58,1.015,-0.302,0.395,0.896,-0.592,0.57,1.008,-0.337,0.406,0.873,-0.618,0.562,0.987,-0.267
hello,0.428,0.431,-0.35,0.521,0.579,-0.111,0.37,0.586,-0.097,0.552,0.783,-0.058,0.332,0.782,-0.196,0.57,0.922,-0.232,0.388,0.829,-0.519,0.583,0.987,-0.286,0.414,0.862,-0.586,0.572,0.983,-0.324,0.426,0.838,-0.604,0.564,0.966,-0.251
hello,0.428,0.432,-0.341,0.518,0.572,-0.092,0.37,0.584,-0.102,0.551,0.767,-0.038,0.33,0.782,-0.235,0.571,0.904,-0.208,0.401,0.791,-0.571,0.584,0.97,-0.258,0.429,0.811,-0.639,0.572,0.969,-0.296,0.44,0.784,-0.651,0.565,0.952,-0.226
hello,0.428,0.432,-0.32,0.516,0.568,-0.078,0.37,0.581,-0.095,0.55,0.756,-0.038,0.329,0.783,-0.277,0.573,0.895,-0.207,0.413,0.751,-0.648,0.586,0.964,-0.256,0.442,0.765,-0.719,0.574,0.963,-0.291,0.451,0.731,-0.72,0.566,0.945,-0.224
hello,0.428,0.432,-0.31,0.514,0.565,-0.056,0.37,0.579,-0.091,0.549,0.75,-0.017,0.33,0.783,-0.295,0.573,0.889,-0.181,0.421,0.727,-0.675,0.586,0.959,-0.224,0.455,0.719,-0.748,0.575,0.958,-0.258,0.459,0.691,-0.742,0.567,0.94,-0.197
hello,0.428,0.432,-0.292,0.512,0.563,-0.05,0.37,0.576,-0.078,0.548,0.742,-0.008,0.331,0.785,-0.296,0.572,0.88,-0.155,0.43,0.698,-0.677,0.586,0.947,-0.195,0.464,0.68,-0.749,0.576,0.946,-0.229,0.467,0.657,-0.738,0.567,0.929,-0.17
hello,0.428,0.432,-0.277,0.512,0.56,-0.047,0.371,0.573,-0.077,0.548,0.733,-0.013,0.336,0.785,-0.305,0.571,0.87,-0.146,0.44,0.678,-0.66,0.585,0.936,-0.184,0.475,0.656,-0.729,0.575,0.934,-0.215,0.477,0.634,-0.715,0.566,0.919,-0.16
hello,0.428,0.432,-0.279,0.512,0.557,-0.03,0.372,0.571,-0.082,0.547,0.727,0.015,0.346,0.784,-0.339,0.571,0.862,-0.103,0.453,0.653,-0.683,0.584,0.927,-0.135,0.484,0.633,-0.753,0.574,0.923,-0.168,0.486,0.61,-0.737,0.566,0.907,-0.117
hello,0.429,0.433,-0.272,0.512,0.555,-0.022,0.373,0.57,-0.087,0.547,0.726,0.022,0.352,0.783,-0.345,0.57,0.856,-0.089,0.459,0.641,-0.683,0.584,0.923,-0.119,0.489,0.624,-0.752,0.574,0.919,-0.15,0.491,0.602,-0.734,0.565,0.903,-0.102
hello,0.429,0.435,-0.265,0.512,0.554,-0.012,0.373,0.569,-0.089,0.546,0.727,0.015,0.36,0.78,-0.343,0.568,0.849,-0.118,0.466,0.636,-0.669,0.582,0.915,-0.153,0.495,0.62,-0.738,0.571,0.911,-0.183,0.496,0.597,-0.722,0.562,0.895,-0.132
hello,0.429,0.435,-0.263,0.512,0.555,-0.015,0.373,0.568,-0.09,0.546,0.73,0.003,0.363,0.777,-0.349,0.566,0.843,-0.133,0.472,0.631,-0.668,0.581,0.907,-0.171,0.499,0.616,-0.738,0.569,0.899,-0.208,0.502,0.594,-0.721,0.561,0.882,-0.15
hello,0.429,0.435,-0.265,0.512,0.555,-0.021,0.373,0.568,-0.091,0.546,0.732,-0.001,0.366,0.776,-0.343,0.566,0.843,-0.141,0.476,0.634,-0.663,0.579,0.903,-0.18,0.502,0.622,-0.732,0.568,0.895,-0.21,0.504,0.598,-0.716,0.56,0.878,-0.155
hello,0.429,0.435,-0.251,0.512,0.555,-0.023,0.374,0.568,-0.089,0.544,0.731,-0.012,0.366,0.775,-0.331,0.564,0.839,-0.162,0.479,0.639,-0.661,0.577,0.899,-0.202,0.505,0.627,-0.727,0.566,0.89,-0.229,0.507,0.602,-0.693,0.559,0.874,-0.176
hello,0.429,0.435,-0.253,0.512,0.556,-0.023,0.374,0.568,-0.087,0.542,0.73,-0.013,0.367,0.776,-0.324,0.562,0.836,-0.163,0.481,0.645,-0.635,0.576,0.895,-0.202,0.508,0.634,-0.699,0.565,0.887,-0.231,0.51,0.609,-0.672,0.557,0.871,-0.176
hello,0.429,0.435,-0.251,0.512,0.555,-0.026,0.374,0.569,-0.084,0.541,0.73,-0.018,0.368,0.776,-0.32,0.561,0.834,-0.166,0.482,0.651,-0.627,0.574,0.892,-0.204,0.509,0.639,-0.692,0.563,0.884,-0.232,0.511,0.614,-0.668,0.555,0.869,-0.179
hello,0.429,0.435,-0.266,0.512,0.556,-0.031,0.374,0.569,-0.086,0.541,0.73,-0.019,0.367,0.776,-0.32,0.56,0.834,-0.168,0.48,0.656,-0.64,0.573,0.891,-0.207,0.509,0.646,-0.709,0.562,0.884,-0.239,0.51,0.622,-0.689,0.555,0.869,-0.182
hello,0.429,0.436,-0.276,0.512,0.556,-0.031,0.374,0.569,-0.096,0.541,0.73,-0.017,0.367,0.776,-0.324,0.558,0.827,-0.175,0.48,0.658,-0.642,0.571,0.884,-0.218,0.51,0.65,-0.711,0.561,0.878,-0.252,0.51,0.626,-0.694,0.554,0.863,-0.191
hello,0.429,0.437,-0.281,0.513,0.556,-0.032,0.375,0.569,-0.096,0.54,0.73,-0.022,0.368,0.776,-0.322,0.557,0.826,-0.204,0.481,0.659,-0.64,0.569,0.882,-0.25,0.51,0.652,-0.71,0.56,0.874,-0.282,0.511,0.628,-0.693,0.553,0.86,-0.22
hello,0.429,0.437,-0.278,0.513,0.556,-0.032,0.375,0.569,-0.096,0.54,0.729,-0.024,0.367,0.775,-0.322,0.556,0.827,-0.2,0.482,0.663,-0.641,0.569,0.881,-0.244,0.511,0.652,-0.711,0.559,0.872,-0.276,0.512,0.629,-0.695,0.552,0.858,-0.216
hello,0.429,0.438,-0.27,0.513,0.556,-0.03,0.375,0.569,-0.096,0.539,0.727,-0.023,0.367,0.774,-0.324,0.555,0.822,-0.195,0.484,0.671,-0.64,0.568,0.876,-0.239,0.512,0.654,-0.71,0.559,0.868,-0.271,0.513,0.631,-0.694,0.552,0.854,-0.211
hello,0.429,0.438,-0.268,0.514,0.556,-0.03,0.375,0.569,-0.104,0.537,0.726,-0.02,0.367,0.772,-0.334,0.554,0.823,-0.16,0.486,0.683,-0.64,0.567,0.875,-0.198,0.514,0.66,-0.709,0.558,0.865,-0.229,0.515,0.638,-0.693,0.551,0.851,-0.175
hello,0.429,0.438,-0.253,0.514,0.556,-0.022,0.375,0.569,-0.104,0.535,0.726,-0.02,0.368,0.771,-0.332,0.552,0.812,-0.161,0.492,0.689,-0.615,0.565,0.867,-0.2,0.521,0.667,-0.682,0.557,0.859,-0.232,0.523,0.646,-0.665,0.55,0.844,-0.176
hello,0.429,0.438,-0.247,0.514,0.556,-0.016,0.375,0.569,-0.103,0.534,0.726,-0.02,0.369,0.769,-0.321,0.549,0.806,-0.174,0.492,0.699,-0.595,0.562,0.86,-0.217,0.523,0.678,-0.661,0.554,0.852,-0.243,0.525,0.657,-0.646,0.547,0.837,-0.188
hello,0.43,0.439,-0.248,0.515,0.556,-0.012,0.375,0.569,-0.107,0.533,0.735,-0.019,0.369,0.768,-0.319,0.548,0.808,-0.2,0.492,0.706,-0.589,0.559,0.858,-0.248,0.523,0.689,-0.655,0.552,0.848,-0.273,0.525,0.666,-0.64,0.546,0.832,-0.215
hello,0.43,0.439,-0.26,0.515,0.556,-0.013,0.375,0.569,-0.111,0.533,0.742,-0.019,0.37,0.768,-0.318,0.546,0.804,-0.212,0.493,0.723,-0.588,0.555,0.854,-0.261,0.523,0.714,-0.654,0.549,0.841,-0.287,0.526,0.687,-0.641,0.543,0.82,-0.227
hello,0.431,0.439,-0.261,0.515,0.556,-0.011,0.375,0.569,-0.122,0.534,0.742,-0.043,0.373,0.767,-0.316,0.544,0.802,-0.279,0.492,0.749,-0.561,0.553,0.853,-0.342,0.522,0.79,-0.628,0.546,0.843,-0.37,0.527,0.742,-0.625,0.54,0.823,-0.297
hello,0.431,0.439,-0.261,0.515,0.556,-0.012,0.376,0.57,-0.126,0.533,0.75,-0.057,0.374,0.766,-0.296,0.537,0.813,-0.306,0.488,0.779,-0.528,0.544,0.855,-0.371,0.522,0.806,-0.595,0.54,0.845,-0.401,0.526,0.77,-0.597,0.535,0.827,-0.325
hello,0.43,0.439,-0.246,0.516,0.557,-0.014,0.377,0.571,-0.123,0.533,0.757,-0.07,0.377,0.765,-0.252,0.536,0.819,-0.323,0.483,0.796,-0.467,0.54,0.856,-0.389,0.519,0.823,-0.532,0.537,0.846,-0.417,0.526,0.794,-0.538,0.532,0.828,-0.341
hello,0.43,0.44,-0.215,0.516,0.558,-0.013,0.377,0.571,-0.1,0.531,0.756,-0.069,0.379,0.761,-0.242,0.533,0.819,-0.301,0.477,0.802,-0.462,0.536,0.857,-0.363,0.51,0.83,-0.525,0.532,0.845,-0.39,0.52,0.804,-0.528,0.527,0.828,-0.318
hello,0.43,0.44,-0.223,0.516,0.558,-0.011,0.378,0.572,-0.096,0.53,0.757,-0.066,0.379,0.759,-0.227,0.528,0.819,-0.282,0.469,0.814,-0.452,0.53,0.858,-0.343,0.499,0.841,-0.516,0.525,0.844,-0.369,0.51,0.815,-0.523,0.52,0.826,-0.3
hello,0.431,0.44,-0.227,0.516,0.558,-0.012,0.379,0.572,-0.102,0.528,0.756,-0.017,0.381,0.757,-0.225,0.524,0.821,-0.212,0.463,0.823,-0.445,0.525,0.858,-0.267,0.492,0.851,-0.509,0.521,0.844,-0.297,0.502,0.824,-0.519,0.517,0.827,-0.23
hello,0.431,0.44,-0.232,0.517,0.558,-0.012,0.379,0.571,-0.096,0.525,0.757,-0.041,0.382,0.753,-0.221,0.517,0.823,-0.26,0.458,0.825,-0.459,0.517,0.859,-0.32,0.485,0.857,-0.524,0.514,0.845,-0.344,0.496,0.829,-0.533,0.51,0.827,-0.277
hello,0.431,0.44,-0.233,0.517,0.558,-0.029,0.379,0.571,-0.075,0.523,0.756,-0.101,0.382,0.749,-0.191,0.513,0.824,-0.369,0.447,0.83,-0.455,0.511,0.863,-0.437,0.473,0.865,-0.522,0.508,0.845,-0.462,0.483,0.834,-0.533,0.505,0.827,-0.385
hello,0.431,0.439,-0.24,0.517,0.558,-0.048,0.379,0.57,-0.074,0.522,0.756,-0.114,0.382,0.748,-0.169,0.505,0.825,-0.388,0.439,0.837,-0.425,0.501,0.873,-0.457,0.464,0.875,-0.491,0.497,0.847,-0.485,0.473,0.842,-0.506,0.496,0.828,-0.406
hello,0.432,0.436,-0.242,0.517,0.558,-0.053,0.379,0.57,-0.079,0.522,0.738,-0.15,0.383,0.749,-0.196,0.508,0.818,-0.464,0.431,0.849,-0.452,0.502,0.872,-0.543,0.455,0.888,-0.518,0.495,0.847,-0.57,0.464,0.856,-0.522,0.492,0.828,-0.482
hello,0.432,0.436,-0.242,0.516,0.558,-0.048,0.38,0.57,-0.082,0.524,0.714,-0.139,0.383,0.749,-0.201,0.511,0.799,-0.454,0.422,0.857,-0.46,0.508,0.85,-0.533,0.439,0.903,-0.526,0.498,0.84,-0.561,0.452,0.877,-0.532,0.493,0.824,-0.472
hello,0.432,0.436,-0.239,0.515,0.557,-0.031,0.38,0.571,-0.086,0.527,0.692,-0.118,0.383,0.753,-0.214,0.511,0.782,-0.418,0.415,0.869,-0.486,0.51,0.832,-0.492,0.426,0.925,-0.553,0.501,0.827,-0.52,0.44,0.899,-0.571,0.497,0.815,-0.436
hello,0.432,0.435,-0.216,0.515,0.556,-0.033,0.38,0.571,-0.038,0.53,0.689,-0.14,0.381,0.757,-0.087,0.515,0.768,-0.456,0.403,0.886,-0.301,0.511,0.819,-0.53,0.41,0.949,-0.359,0.504,0.816,-0.555,0.425,0.924,-0.383,0.499,0.805,-0.472
hello,0.432,0.435,-0.21,0.515,0.556,-0.044,0.379,0.572,-0.003,0.533,0.695,-0.179,0.377,0.76,-0.05,0.519,0.771,-0.503,0.39,0.885,-0.288,0.516,0.819,-0.577,0.391,0.947,-0.349,0.504,0.814,-0.597,0.407,0.925,-0.367,0.5,0.803,-0.517
hello,0.432,0.435,-0.237,0.515,0.556,-0.062,0.378,0.573,-0.025,0.538,0.699,-0.19,0.369,0.765,-0.088,0.524,0.765,-0.547,0.376,0.882,-0.353,0.522,0.812,-0.633,0.375,0.943,-0.418,0.509,0.804,-0.656,0.392,0.921,-0.442,0.504,0.791,-0.564
hello,0.432,0.435,-0.213,0.515,0.556,-0.044,0.378,0.574,-0.018,0.542,0.701,-0.172,0.362,0.767,-0.108,0.53,0.768,-0.476,0.367,0.88,-0.38,0.529,0.814,-0.552,0.365,0.941,-0.445,0.516,0.805,-0.577,0.383,0.922,-0.457,0.511,0.791,-0.493
hello,0.432,0.435,-0.201,0.515,0.558,-0.031,0.377,0.575,-0.016,0.546,0.702,-0.127,0.35,0.768,-0.12,0.537,0.769,-0.422,0.35,0.883,-0.414,0.539,0.814,-0.49,0.347,0.943,-0.478,0.526,0.804,-0.511,0.364,0.925,-0.504,0.521,0.791,-0.435
hello,0.432,0.435,-0.218,0.515,0.559,-0.033,0.376,0.575,-0.024,0.55,0.704,-0.128,0.345,0.765,-0.124,0.544,0.767,-0.434,0.339,0.876,-0.48,0.549,0.811,-0.506,0.332,0.938,-0.55,0.536,0.8,-0.525,0.348,0.915,-0.579,0.531,0.787,-0.447
hello,0.432,0.435,-0.214,0.516,0.56,-0.034,0.375,0.575,-0.019,0.555,0.706,-0.121,0.34,0.76,-0.131,0.552,0.752,-0.394,0.329,0.856,-0.475,0.56,0.799,-0.461,0.318,0.913,-0.543,0.544,0.789,-0.477,0.334,0.9,-0.571,0.538,0.774,-0.406
hello,0.432,0.435,-0.173,0.516,0.56,-0.027,0.374,0.576,-0.009,0.558,0.704,-0.087,0.333,0.759,-0.133,0.56,0.731,-0.312,0.322,0.827,-0.458,0.568,0.779,-0.369,0.313,0.879,-0.528,0.551,0.767,-0.384,0.328,0.864,-0.552,0.543,0.75,-0.322
hello,0.431,0.435,-0.155,0.516,0.56,-0.012,0.372,0.576,-0.001,0.563,0.704,-0.081,0.329,0.754,-0.124,0.565,0.71,-0.316,0.319,0.792,-0.433,0.572,0.754,-0.373,0.306,0.835,-0.489,0.553,0.74,-0.384,0.32,0.825,-0.509,0.546,0.724,-0.325
hello,0.429,0.435,-0.134,0.515,0.56,0.002,0.37,0.576,0.027,0.566,0.705,-0.111,0.316,0.756,-0.125,0.566,0.677,-0.376,0.315,0.756,-0.461,0.573,0.711,-0.429,0.305,0.78,-0.518,0.555,0.697,-0.413,0.317,0.768,-0.529,0.547,0.686,-0.374
hello,0.428,0.435,-0.151,0.514,0.557,-0.006,0.369,0.575,0.016,0.567,0.697,-0.191,0.318,0.736,-0.193,0.563,0.656,-0.518,0.312,0.715,-0.594,0.573,0.677,-0.585,0.297,0.733,-0.66,0.554,0.662,-0.58,0.312,0.72,-0.67,0.545,0.654,-0.524
hello,0.428,0.434,-0.147,0.513,0.555,-0.005,0.369,0.572,0.016,0.567,0.675,-0.207,0.319,0.721,-0.204,0.561,0.628,-0.536,0.307,0.692,-0.599,0.57,0.64,-0.602,0.295,0.696,-0.664,0.552,0.623,-0.592,0.309,0.68,-0.67,0.543,0.616,-0.54
hello,0.428,0.434,-0.145,0.513,0.553,-0.008,0.369,0.57,0.023,0.566,0.663,-0.219,0.323,0.721,-0.211,0.564,0.618,-0.535,0.301,0.662,-0.623,0.57,0.618,-0.601,0.294,0.652,-0.691,0.554,0.601,-0.593,0.304,0.631,-0.695,0.546,0.599,-0.54
hello,0.428,0.433,-0.132,0.514,0.548,-0.004,0.369,0.566,0.039,0.568,0.668,-0.208,0.323,0.725,-0.204,0.568,0.599,-0.515,0.302,0.623,-0.612,0.571,0.587,-0.577,0.297,0.597,-0.678,0.56,0.566,-0.567,0.305,0.577,-0.676,0.554,0.57,-0.518
hello,0.428,0.433,-0.143,0.516,0.543,-0.006,0.369,0.563,0.035,0.571,0.672,-0.246,0.32,0.727,-0.228,0.568,0.573,-0.561,0.304,0.597,-0.639,0.569,0.546,-0.627,0.301,0.564,-0.708,0.558,0.526,-0.605,0.308,0.54,-0.694,0.554,0.536,-0.561
hello,0.428,0.433,-0.146,0.516,0.542,-0.007,0.369,0.561,0.039,0.573,0.673,-0.236,0.318,0.728,-0.219,0.567,0.553,-0.53,0.306,0.585,-0.608,0.569,0.519,-0.594,0.303,0.547,-0.675,0.557,0.5,-0.577,0.309,0.522,-0.663,0.553,0.513,-0.53
hello,0.428,0.433,-0.128,0.517,0.54,-0.002,0.369,0.56,0.061,0.575,0.673,-0.223,0.317,0.729,-0.194,0.566,0.53,-0.496,0.309,0.568,-0.549,0.566,0.493,-0.551,0.305,0.527,-0.613,0.557,0.48,-0.516,0.313,0.504,-0.585,0.551,0.494,-0.487
hello,0.428,0.432,-0.126,0.517,0.539,-0.001,0.369,0.558,0.066,0.576,0.674,-0.216,0.317,0.73,-0.168,0.562,0.525,-0.469,0.31,0.559,-0.505,0.56,0.483,-0.524,0.307,0.519,-0.566,0.553,0.473,-0.49,0.315,0.497,-0.542,0.549,0.486,-0.462
hello,0.428,0.431,-0.119,0.517,0.537,0.005,0.369,0.557,0.071,0.576,0.676,-0.212,0.317,0.731,-0.155,0.56,0.524,-0.448,0.313,0.551,-0.482,0.556,0.48,-0.502,0.312,0.51,-0.542,0.55,0.469,-0.469,0.317,0.489,-0.517,0.547,0.483,-0.442
hello,0.428,0.43,-0.122,0.516,0.536,0.007,0.369,0.556,0.066,0.575,0.679,-0.209,0.317,0.733,-0.156,0.558,0.525,-0.456,0.315,0.554,-0.481,0.552,0.481,-0.512,0.316,0.514,-0.541,0.547,0.469,-0.482,0.318,0.493,-0.518,0.544,0.483,-0.452
hello,0.428,0.429,-0.105,0.516,0.534,0.021,0.368,0.555,0.076,0.574,0.686,-0.193,0.317,0.741,-0.139,0.556,0.531,-0.45,0.318,0.561,-0.456,0.551,0.489,-0.506,0.318,0.52,-0.512,0.546,0.474,-0.476,0.319,0.501,-0.49,0.543,0.488,-0.446
hello,0.428,0.427,-0.103,0.516,0.532,0.022,0.368,0.554,0.074,0.573,0.692,-0.182,0.317,0.746,-0.136,0.554,0.533,-0.432,0.319,0.569,-0.455,0.549,0.493,-0.486,0.319,0.533,-0.512,0.544,0.477,-0.459,0.32,0.511,-0.494,0.542,0.491,-0.428
hello,0.428,0.427,-0.108,0.516,0.533,0.018,0.367,0.555,0.07,0.571,0.697,-0.176,0.318,0.75,-0.138,0.554,0.539,-0.423,0.32,0.578,-0.462,0.549,0.502,-0.477,0.319,0.545,-0.52,0.543,0.484,-0.451,0.32,0.523,-0.502,0.541,0.498,-0.42
hello,0.427,0.427,-0.111,0.516,0.533,0.017,0.366,0.555,0.067,0.567,0.699,-0.18,0.32,0.752,-0.143,0.552,0.542,-0.458,0.32,0.586,-0.47,0.549,0.504,-0.517,0.319,0.545,-0.527,0.543,0.491,-0.499,0.32,0.524,-0.505,0.54,0.502,-0.458
hello,0.426,0.426,-0.113,0.516,0.533,0.007,0.366,0.556,0.067,0.562,0.703,-0.193,0.323,0.755,-0.146,0.552,0.565,-0.493,0.32,0.614,-0.514,0.549,0.535,-0.553,0.319,0.578,-0.574,0.543,0.513,-0.541,0.321,0.556,-0.563,0.54,0.521,-0.495
hello,0.426,0.426,-0.116,0.516,0.534,-0.004,0.366,0.559,0.06,0.559,0.705,-0.197,0.326,0.758,-0.153,0.552,0.593,-0.495,0.32,0.646,-0.537,0.55,0.576,-0.554,0.319,0.62,-0.597,0.544,0.552,-0.544,0.321,0.595,-0.592,0.54,0.556,-0.498
hello,0.426,0.426,-0.124,0.516,0.536,-0.005,0.366,0.559,0.049,0.559,0.7,-0.191,0.327,0.757,-0.152,0.552,0.62,-0.498,0.321,0.672,-0.535,0.551,0.611,-0.558,0.319,0.655,-0.594,0.544,0.587,-0.548,0.321,0.631,-0.593,0.54,0.588,-0.5
hello,0.426,0.425,-0.136,0.515,0.537,-0.008,0.366,0.56,0.034,0.559,0.697,-0.178,0.327,0.748,-0.152,0.552,0.64,-0.494,0.322,0.707,-0.528,0.553,0.643,-0.553,0.319,0.703,-0.588,0.544,0.621,-0.537,0.321,0.676,-0.586,0.54,0.618,-0.494
hello,0.426,0.425,-0.165,0.515,0.537,-0.017,0.366,0.562,0.01,0.559,0.697,-0.15,0.327,0.748,-0.151,0.552,0.667,-0.454,0.323,0.732,-0.524,0.553,0.67,-0.515,0.319,0.735,-0.581,0.544,0.65,-0.515,0.321,0.713,-0.583,0.54,0.648,-0.46
hello,0.426,0.425,-0.155,0.515,0.538,-0.02,0.366,0.563,0.011,0.554,0.7,-0.14,0.328,0.746,-0.151,0.55,0.682,-0.404,0.324,0.742,-0.521,0.553,0.695,-0.46,0.318,0.754,-0.578,0.544,0.675,-0.469,0.321,0.737,-0.585,0.539,0.669,-0.412
hello,0.426,0.425,-0.149,0.515,0.538,-0.02,0.366,0.565,0.014,0.553,0.702,-0.14,0.329,0.746,-0.156,0.549,0.693,-0.388,0.325,0.746,-0.521,0.553,0.716,-0.444,0.318,0.767,-0.58,0.544,0.699,-0.456,0.322,0.756,-0.595,0.538,0.691,-0.398
hello,0.426,0.424,-0.147,0.515,0.538,-0.018,0.366,0.566,0.017,0.552,0.707,-0.114,0.329,0.755,-0.154,0.548,0.701,-0.361,0.326,0.757,-0.52,0.553,0.727,-0.418,0.318,0.778,-0.579,0.544,0.713,-0.433,0.322,0.764,-0.595,0.538,0.703,-0.372
hello,0.426,0.423,-0.133,0.514,0.539,-0.016,0.366,0.566,0.02,0.551,0.707,-0.119,0.329,0.756,-0.155,0.547,0.697,-0.377,0.326,0.756,-0.519,0.553,0.726,-0.436,0.317,0.778,-0.58,0.543,0.714,-0.449,0.322,0.763,-0.596,0.537,0.703,-0.388
hello,0.426,0.423,-0.132,0.514,0.538,-0.019,0.366,0.566,0.016,0.551,0.706,-0.127,0.331,0.745,-0.165,0.548,0.698,-0.379,0.327,0.744,-0.533,0.554,0.725,-0.438,0.316,0.765,-0.597,0.543,0.71,-0.453,0.322,0.753,-0.615,0.537,0.7,-0.39
hello,0.426,0.423,-0.136,0.514,0.538,-0.022,0.366,0.565,0.015,0.55,0.706,-0.132,0.33,0.743,-0.162,0.547,0.691,-0.392,0.326,0.741,-0.521,0.554,0.713,-0.45,0.315,0.755,-0.581,0.543,0.697,-0.459,0.321,0.741,-0.603,0.537,0.689,-0.401
hello,0.426,0.422,-0.145,0.514,0.537,-0.021,0.366,0.565,0.016,0.55,0.701,-0.135,0.33,0.738,-0.157,0.546,0.689,-0.414,0.324,0.737,-0.528,0.554,0.708,-0.473,0.314,0.748,-0.589,0.543,0.688,-0.486,0.319,0.733,-0.609,0.537,0.681,-0.425
hello,0.426,0.421,-0.144,0.514,0.536,-0.018,0.366,0.563,0.032,0.55,0.69,-0.161,0.328,0.734,-0.147,0.546,0.671,-0.48,0.323,0.723,-0.527,0.555,0.683,-0.545,0.314,0.724,-0.588,0.544,0.667,-0.547,0.319,0.698,-0.607,0.537,0.662,-0.488
hello,0.426,0.419,-0.129,0.514,0.536,-0.0,0.366,0.557,0.043,0.556,0.688,-0.161,0.327,0.733,-0.147,0.549,0.652,-0.475,0.32,0.688,-0.532,0.555,0.652,-0.538,0.313,0.683,-0.594,0.544,0.63,-0.535,0.319,0.659,-0.604,0.538,0.628,-0.48
hello,0.426,0.418,-0.124,0.515,0.535,-0.001,0.368,0.554,0.056,0.563,0.686,-0.176,0.327,0.734,-0.148,0.551,0.626,-0.464,0.319,0.653,-0.532,0.555,0.617,-0.524,0.313,0.636,-0.594,0.544,0.596,-0.522,0.319,0.615,-0.6,0.538,0.597,-0.468
hello,0.426,0.418,-0.123,0.519,0.534,-0.002,0.368,0.553,0.058,0.566,0.686,-0.187,0.327,0.734,-0.163,0.554,0.598,-0.458,0.317,0.619,-0.547,0.555,0.581,-0.517,0.313,0.591,-0.61,0.544,0.558,-0.518,0.318,0.572,-0.602,0.539,0.563,-0.461
hello,0.427,0.418,-0.114,0.519,0.529,0.012,0.368,0.551,0.062,0.568,0.686,-0.18,0.326,0.734,-0.176,0.556,0.562,-0.428,0.317,0.582,-0.546,0.555,0.538,-0.481,0.314,0.548,-0.61,0.545,0.517,-0.459,0.319,0.527,-0.601,0.541,0.527,-0.425
hello,0.427,0.418,-0.113,0.52,0.527,0.019,0.368,0.547,0.063,0.57,0.684,-0.178,0.325,0.734,-0.177,0.556,0.542,-0.429,0.317,0.566,-0.543,0.555,0.511,-0.483,0.314,0.531,-0.606,0.545,0.492,-0.46,0.319,0.509,-0.592,0.541,0.505,-0.426
hello,0.428,0.418,-0.108,0.52,0.523,0.016,0.368,0.543,0.076,0.572,0.68,-0.182,0.325,0.734,-0.152,0.556,0.524,-0.424,0.317,0.555,-0.492,0.554,0.49,-0.478,0.315,0.517,-0.552,0.545,0.475,-0.452,0.319,0.495,-0.533,0.541,0.488,-0.42
hello,0.428,0.417,-0.1,0.52,0.522,0.021,0.369,0.54,0.074,0.573,0.675,-0.18,0.324,0.73,-0.152,0.556,0.518,-0.419,0.318,0.539,-0.478,0.553,0.477,-0.474,0.317,0.501,-0.538,0.544,0.464,-0.448,0.321,0.482,-0.517,0.541,0.479,-0.416
hello,0.429,0.416,-0.101,0.519,0.52,0.019,0.369,0.538,0.075,0.573,0.672,-0.179,0.323,0.727,-0.151,0.555,0.512,-0.405,0.319,0.527,-0.47,0.551,0.47,-0.458,0.318,0.486,-0.53,0.544,0.458,-0.431,0.322,0.468,-0.508,0.541,0.472,-0.402
hello,0.429,0.414,-0.099,0.519,0.52,0.018,0.369,0.537,0.079,0.574,0.671,-0.177,0.322,0.724,-0.147,0.555,0.508,-0.381,0.321,0.523,-0.462,0.551,0.464,-0.432,0.32,0.478,-0.521,0.544,0.453,-0.404,0.324,0.462,-0.498,0.541,0.467,-0.377
hello,0.429,0.414,-0.099,0.519,0.519,0.019,0.369,0.537,0.079,0.573,0.672,-0.176,0.322,0.724,-0.147,0.555,0.507,-0.382,0.322,0.525,-0.464,0.551,0.463,-0.432,0.321,0.48,-0.522,0.544,0.45,-0.405,0.326,0.464,-0.499,0.54,0.465,-0.377
hello,0.429,0.413,-0.096,0.519,0.518,0.021,0.369,0.538,0.079,0.573,0.672,-0.176,0.322,0.724,-0.148,0.555,0.511,-0.39,0.322,0.531,-0.466,0.551,0.469,-0.442,0.321,0.487,-0.525,0.544,0.455,-0.417,0.326,0.47,-0.502,0.541,0.469,-0.387
hello,0.429,0.413,-0.098,0.519,0.518,0.021,0.369,0.538,0.077,0.573,0.676,-0.175,0.323,0.729,-0.148,0.555,0.516,-0.397,0.323,0.539,-0.472,0.552,0.477,-0.45,0.321,0.499,-0.531,0.546,0.462,-0.419,0.326,0.48,-0.511,0.543,0.476,-0.393
hello,0.429,0.413,-0.102,0.519,0.518,0.017,0.369,0.538,0.074,0.572,0.686,-0.176,0.324,0.734,-0.147,0.555,0.521,-0.415,0.323,0.541,-0.475,0.553,0.485,-0.468,0.321,0.504,-0.534,0.547,0.469,-0.441,0.325,0.487,-0.516,0.544,0.482,-0.412
hello,0.429,0.413,-0.11,0.519,0.518,0.009,0.369,0.54,0.065,0.57,0.69,-0.186,0.326,0.739,-0.153,0.555,0.53,-0.45,0.323,0.566,-0.499,0.554,0.5,-0.507,0.321,0.53,-0.558,0.548,0.476,-0.487,0.325,0.51,-0.546,0.544,0.49,-0.45
hello,0.429,0.413,-0.122,0.52,0.52,-0.007,0.369,0.542,0.058,0.566,0.696,-0.204,0.329,0.743,-0.164,0.557,0.577,-0.502,0.322,0.598,-0.543,0.556,0.556,-0.563,0.32,0.566,-0.605,0.55,0.531,-0.552,0.324,0.546,-0.596,0.547,0.537,-0.505
hello,0.429,0.413,-0.123,0.52,0.526,-0.004,0.371,0.546,0.043,0.567,0.687,-0.199,0.331,0.746,-0.173,0.558,0.611,-0.483,0.322,0.64,-0.556,0.557,0.605,-0.541,0.32,0.619,-0.618,0.55,0.584,-0.528,0.323,0.596,-0.616,0.547,0.585,-0.484
hello,0.429,0.413,-0.13,0.519,0.528,-0.002,0.371,0.547,0.03,0.566,0.685,-0.171,0.332,0.746,-0.171,0.558,0.63,-0.468,0.323,0.681,-0.551,0.559,0.63,-0.526,0.32,0.672,-0.611,0.55,0.609,-0.516,0.323,0.648,-0.614,0.547,0.607,-0.47
hello,0.429,0.413,-0.146,0.519,0.528,-0.007,0.371,0.549,0.019,0.565,0.685,-0.158,0.334,0.746,-0.171,0.558,0.646,-0.464,0.323,0.71,-0.544,0.561,0.645,-0.523,0.32,0.705,-0.605,0.551,0.628,-0.519,0.322,0.676,-0.612,0.547,0.626,-0.468
hello,0.429,0.413,-0.178,0.519,0.528,-0.01,0.37,0.551,-0.004,0.565,0.685,-0.14,0.333,0.744,-0.181,0.56,0.66,-0.463,0.326,0.724,-0.563,0.561,0.662,-0.519,0.32,0.725,-0.626,0.552,0.643,-0.515,0.323,0.701,-0.639,0.547,0.642,-0.463
hello,0.429,0.412,-0.18,0.519,0.528,-0.01,0.369,0.552,-0.006,0.564,0.686,-0.127,0.332,0.743,-0.177,0.561,0.668,-0.441,0.326,0.732,-0.553,0.562,0.674,-0.503,0.321,0.736,-0.615,0.552,0.654,-0.515,0.324,0.714,-0.627,0.548,0.652,-0.448
hello,0.429,0.412,-0.171,0.519,0.528,-0.009,0.369,0.553,-0.0,0.563,0.686,-0.117,0.332,0.742,-0.176,0.562,0.668,-0.417,0.327,0.732,-0.548,0.563,0.675,-0.478,0.321,0.736,-0.61,0.553,0.657,-0.492,0.324,0.716,-0.623,0.548,0.655,-0.426
hello,0.429,0.412,-0.17,0.518,0.528,-0.009,0.368,0.554,-0.001,0.559,0.689,-0.099,0.332,0.741,-0.177,0.561,0.672,-0.369,0.328,0.732,-0.554,0.563,0.677,-0.422,0.321,0.736,-0.614,0.553,0.661,-0.433,0.324,0.716,-0.63,0.548,0.658,-0.378
hello,0.429,0.412,-0.174,0.518,0.528,-0.01,0.368,0.554,-0.003,0.559,0.692,-0.112,0.332,0.741,-0.177,0.561,0.675,-0.394,0.329,0.731,-0.555,0.563,0.68,-0.45,0.321,0.735,-0.616,0.553,0.662,-0.445,0.324,0.715,-0.632,0.548,0.66,-0.4
hello,0.429,0.412,-0.17,0.518,0.528,-0.014,0.368,0.555,-0.001,0.558,0.694,-0.114,0.332,0.741,-0.176,0.561,0.676,-0.39,0.329,0.73,-0.552,0.563,0.682,-0.446,0.321,0.734,-0.614,0.553,0.663,-0.45,0.324,0.714,-0.625,0.548,0.661,-0.398
hello,0.429,0.412,-0.175,0.518,0.529,-0.021,0.368,0.555,-0.0,0.556,0.695,-0.125,0.332,0.74,-0.177,0.56,0.676,-0.426,0.329,0.733,-0.563,0.563,0.685,-0.486,0.321,0.737,-0.625,0.553,0.665,-0.497,0.324,0.716,-0.64,0.548,0.662,-0.437
hello,0.428,0.412,-0.186,0.518,0.529,-0.029,0.368,0.556,-0.002,0.553,0.699,-0.154,0.332,0.741,-0.181,0.555,0.678,-0.467,0.328,0.735,-0.572,0.561,0.684,-0.528,0.321,0.739,-0.634,0.552,0.666,-0.535,0.324,0.717,-0.648,0.546,0.663,-0.478
hello,0.428,0.412,-0.18,0.518,0.531,-0.026,0.367,0.556,-0.001,0.553,0.707,-0.151,0.332,0.742,-0.168,0.555,0.69,-0.459,0.327,0.738,-0.566,0.561,0.696,-0.519,0.319,0.741,-0.626,0.552,0.676,-0.525,0.323,0.72,-0.645,0.546,0.672,-0.468
hello,0.428,0.412,-0.157,0.518,0.533,-0.026,0.367,0.557,0.002,0.553,0.708,-0.135,0.332,0.741,-0.168,0.555,0.696,-0.393,0.327,0.74,-0.563,0.562,0.715,-0.452,0.318,0.749,-0.624,0.552,0.699,-0.466,0.323,0.73,-0.642,0.546,0.69,-0.404
hello,0.428,0.412,-0.158,0.519,0.534,-0.025,0.367,0.558,0.003,0.555,0.715,-0.126,0.331,0.749,-0.156,0.557,0.711,-0.401,0.326,0.751,-0.545,0.565,0.739,-0.462,0.317,0.766,-0.609,0.555,0.724,-0.47,0.322,0.749,-0.635,0.547,0.711,-0.413
hello,0.428,0.412,-0.158,0.519,0.537,-0.021,0.367,0.561,0.008,0.555,0.721,-0.096,0.33,0.77,-0.143,0.556,0.736,-0.366,0.327,0.771,-0.524,0.565,0.771,-0.429,0.317,0.795,-0.588,0.555,0.759,-0.446,0.324,0.774,-0.614,0.547,0.744,-0.379
hello,0.428,0.412,-0.156,0.519,0.537,-0.018,0.367,0.562,-0.006,0.556,0.713,-0.049,0.333,0.765,-0.147,0.556,0.758,-0.255,0.329,0.781,-0.506,0.565,0.805,-0.31,0.317,0.823,-0.57,0.554,0.796,-0.335,0.326,0.81,-0.592,0.547,0.78,-0.268
hello,0.428,0.412,-0.233,0.519,0.537,-0.059,0.368,0.56,-0.058,0.555,0.709,-0.048,0.333,0.745,-0.198,0.556,0.814,-0.21,0.329,0.82,-0.546,0.566,0.874,-0.26,0.316,0.873,-0.623,0.554,0.867,-0.297,0.326,0.863,-0.655,0.547,0.853,-0.227
hello,0.427,0.41,-0.302,0.519,0.535,-0.096,0.368,0.557,-0.096,0.554,0.711,-0.074,0.333,0.745,-0.236,0.555,0.845,-0.294,0.329,0.853,-0.6,0.566,0.909,-0.35,0.316,0.912,-0.683,0.554,0.902,-0.361,0.328,0.906,-0.717,0.547,0.885,-0.308
